::ffff:127.0.0.1;;/about;GET;{}
::ffff:127.0.0.1;;/;GET;{}
::ffff:127.0.0.1;;/;GET;{}
::ffff:127.0.0.1;;/;GET;{}
::ffff:127.0.0.1;;/;GET;{}
::ffff:127.0.0.1;;/account/login;POST;{"email":"root","password":"root"}
::ffff:127.0.0.1;;/;GET;{}
::ffff:127.0.0.1;;/account/login;POST;{"email":"root","password":"root"}
::ffff:127.0.0.1;;/;GET;{}
::ffff:127.0.0.1;;/account/login;POST;{"email":"root","password":"root"}
::ffff:127.0.0.1;;/;GET;{}
::ffff:127.0.0.1;;/account/login;POST;{"email":"root","password":"root"}
::ffff:127.0.0.1;;/;GET;{}
::ffff:127.0.0.1;;/account/login;POST;{"email":"root","password":"root"}
::ffff:127.0.0.1;;/;GET;{}
::ffff:127.0.0.1;;/account/login;POST;{"email":"root","password":"root"}
::ffff:127.0.0.1;;/;GET;{}
::ffff:127.0.0.1;;/account/login;POST;{"email":"root","password":"root"}
::ffff:127.0.0.1;;/;GET;{}
::ffff:127.0.0.1;;/account/login;POST;{"email":"root","password":"root"}
::ffff:127.0.0.1;;/;GET;{}
::ffff:127.0.0.1;;/account/login;POST;{"email":"root","password":"root"}
::ffff:127.0.0.1;;/;GET;{}
::ffff:127.0.0.1;;/account/login;POST;{"email":"root","password":"root"}
::ffff:127.0.0.1;;/;GET;{}
::1;;/account/login;POST;{"email":"root","password":"root"}
::1;;/;GET;{}
::1;;/;GET;{}
::ffff:127.0.0.1;;/;GET;{}
::1;;/;GET;{}
::ffff:127.0.0.1;;/;GET;{}
::ffff:127.0.0.1;;/account/login;POST;{"email":"root","password":"root"}
::ffff:127.0.0.1;;/;GET;{}
::ffff:127.0.0.1;root;/;GET;{}
::1;root;/;GET;{}
::ffff:127.0.0.1;root;/;GET;{}
::1;root;/;GET;
::ffff:127.0.0.1;root;/;GET;
::ffff:127.0.0.1;;/about;GET;
::ffff:127.0.0.1;;/;GET;
::ffff:127.0.0.1;;/;GET;
::ffff:127.0.0.1;;/;GET;
::ffff:127.0.0.1;;/;GET;
::ffff:127.0.0.1;;/;GET;
::ffff:127.0.0.1;;/;GET;
::ffff:127.0.0.1;;/;GET;
::ffff:127.0.0.1;;/;GET;
::ffff:127.0.0.1;;/;GET;
::ffff:127.0.0.1;;/;GET;
::ffff:127.0.0.1;;/;GET;
::ffff:127.0.0.1;;/;GET;
::ffff:127.0.0.1;;/;GET;
::ffff:127.0.0.1;;/;GET;
::ffff:127.0.0.1;;/;GET;
::ffff:127.0.0.1;;/;GET;
::ffff:127.0.0.1;;/;GET;
::ffff:127.0.0.1;;/;GET;
::ffff:127.0.0.1;;/;GET;
::ffff:127.0.0.1;;/;GET;
::ffff:127.0.0.1;;/;GET;
::ffff:127.0.0.1;;/;GET;
::ffff:127.0.0.1;;/;GET;
::ffff:127.0.0.1;;/;GET;
::ffff:127.0.0.1;;/;GET;
::ffff:127.0.0.1;;/;GET;
::ffff:127.0.0.1;;/;GET;
::ffff:127.0.0.1;;/;GET;
::ffff:127.0.0.1;;/;GET;
::ffff:127.0.0.1;;/;GET;
::ffff:127.0.0.1;;/;GET;
::ffff:127.0.0.1;;/;GET;
::ffff:127.0.0.1;;/;GET;
::ffff:127.0.0.1;;/;GET;
::ffff:127.0.0.1;;/;GET;
::ffff:127.0.0.1;;/;GET;
::ffff:127.0.0.1;;/;GET;
::ffff:127.0.0.1;;/;GET;
::ffff:127.0.0.1;;/;GET;
::ffff:127.0.0.1;;/;GET;
::ffff:127.0.0.1;;/;GET;
::ffff:127.0.0.1;;/;GET;
::ffff:127.0.0.1;;/;GET;
::ffff:127.0.0.1;;/;GET;
::ffff:127.0.0.1;;/;GET;
::ffff:127.0.0.1;;/;GET;
::ffff:127.0.0.1;;/;GET;
::ffff:127.0.0.1;;/;GET;
::ffff:127.0.0.1;;/;GET;
::ffff:127.0.0.1;;/;GET;
::ffff:127.0.0.1;;/;GET;
::ffff:127.0.0.1;;/;GET;
::ffff:127.0.0.1;;/;GET;
::ffff:127.0.0.1;;/;GET;
::ffff:127.0.0.1;;/;GET;
::ffff:127.0.0.1;;/;GET;
::ffff:127.0.0.1;;/;GET;
::ffff:127.0.0.1;;/;GET;
::ffff:127.0.0.1;;/;GET;
::ffff:127.0.0.1;;/;GET;
::ffff:127.0.0.1;;/;GET;
::ffff:127.0.0.1;;/;GET;
::ffff:127.0.0.1;;/;GET;
::ffff:127.0.0.1;;/;GET;
::ffff:127.0.0.1;;/;GET;
::ffff:127.0.0.1;;/;GET;
::ffff:127.0.0.1;;/;GET;
::ffff:127.0.0.1;;/;GET;
::ffff:127.0.0.1;;/;GET;
::ffff:127.0.0.1;;/;GET;
::ffff:127.0.0.1;;/;GET;
::ffff:127.0.0.1;;/;GET;
::ffff:127.0.0.1;;/;GET;
::ffff:127.0.0.1;;/;GET;
::ffff:127.0.0.1;;/;GET;
::ffff:127.0.0.1;;/;GET;
::ffff:127.0.0.1;;/;GET;
::ffff:127.0.0.1;;/;GET;
::ffff:127.0.0.1;;/;GET;
::ffff:127.0.0.1;;/;GET;
::ffff:127.0.0.1;;/;GET;
::ffff:127.0.0.1;;/;GET;
::ffff:127.0.0.1;;/;GET;
::ffff:127.0.0.1;;/;GET;
::ffff:127.0.0.1;;/;GET;
::ffff:127.0.0.1;;/;GET;
::ffff:127.0.0.1;;/;GET;
::ffff:127.0.0.1;;/;GET;
::ffff:127.0.0.1;;/;GET;
::ffff:127.0.0.1;;/;GET;
::ffff:127.0.0.1;;/;GET;
::ffff:127.0.0.1;;/;GET;
::ffff:127.0.0.1;;/;GET;
::ffff:127.0.0.1;;/;GET;
::ffff:127.0.0.1;;/;GET;
::ffff:127.0.0.1;;/;GET;
::ffff:127.0.0.1;;/;GET;
::ffff:127.0.0.1;;/;GET;
::ffff:127.0.0.1;;/;GET;
::ffff:127.0.0.1;;/;GET;
::ffff:127.0.0.1;;/;GET;
::ffff:127.0.0.1;;/;GET;
::ffff:127.0.0.1;;/;GET;
::ffff:127.0.0.1;;/;GET;
::ffff:127.0.0.1;;/;GET;
::ffff:127.0.0.1;;/;GET;
::ffff:127.0.0.1;;/;GET;
::ffff:127.0.0.1;;/;GET;
::ffff:127.0.0.1;;/;GET;
::ffff:127.0.0.1;;/;GET;
::ffff:127.0.0.1;;/;GET;
::ffff:127.0.0.1;;/;GET;
::ffff:127.0.0.1;;/;GET;
::ffff:127.0.0.1;;/;GET;
::ffff:127.0.0.1;;/;GET;
::ffff:127.0.0.1;;/;GET;
::ffff:127.0.0.1;;/;GET;
::ffff:127.0.0.1;;/;GET;
::ffff:127.0.0.1;;/;GET;
::ffff:127.0.0.1;;/;GET;
::ffff:127.0.0.1;;/;GET;
::ffff:127.0.0.1;;/;GET;
::ffff:127.0.0.1;;/;GET;
::ffff:127.0.0.1;;/;GET;
::ffff:127.0.0.1;;/;GET;
::ffff:127.0.0.1;;/;GET;
::ffff:127.0.0.1;;/;GET;
::ffff:127.0.0.1;;/;GET;
::ffff:127.0.0.1;;/;GET;
::ffff:127.0.0.1;;/;GET;
::ffff:127.0.0.1;;/;GET;
::ffff:127.0.0.1;;/;GET;
::ffff:127.0.0.1;;/;GET;
::ffff:127.0.0.1;;/;GET;
::ffff:127.0.0.1;;/;GET;
::ffff:127.0.0.1;;/;GET;
::ffff:127.0.0.1;;/;GET;
::ffff:127.0.0.1;;/;GET;
::ffff:127.0.0.1;;/;GET;
::ffff:127.0.0.1;;/;GET;
::ffff:127.0.0.1;;/;GET;
::ffff:127.0.0.1;;/;GET;
::ffff:127.0.0.1;;/;GET;
::ffff:127.0.0.1;;/;GET;
::ffff:127.0.0.1;;/;GET;
::ffff:127.0.0.1;;/;GET;
::ffff:127.0.0.1;;/;GET;
::ffff:127.0.0.1;;/;GET;
::ffff:127.0.0.1;;/;GET;
::ffff:127.0.0.1;;/;GET;
::ffff:127.0.0.1;;/;GET;
::ffff:127.0.0.1;;/;GET;
::ffff:127.0.0.1;;/;GET;
::ffff:127.0.0.1;;/;GET;
::ffff:127.0.0.1;;/;GET;
::ffff:127.0.0.1;;/;GET;
::ffff:127.0.0.1;;/;GET;
::ffff:127.0.0.1;;/;GET;
::ffff:127.0.0.1;;/;GET;
::ffff:127.0.0.1;;/;GET;
::ffff:127.0.0.1;;/;GET;
::ffff:127.0.0.1;;/;GET;
::ffff:127.0.0.1;;/;GET;
::ffff:127.0.0.1;;/;GET;
::ffff:127.0.0.1;;/;GET;
::ffff:127.0.0.1;;/;GET;
::ffff:127.0.0.1;;/;GET;
::ffff:127.0.0.1;;/;GET;
::ffff:127.0.0.1;;/;GET;
::ffff:127.0.0.1;;/;GET;
::ffff:127.0.0.1;;/;GET;
::ffff:127.0.0.1;;/;GET;
::ffff:127.0.0.1;;/;GET;
::ffff:127.0.0.1;;/;GET;
::ffff:127.0.0.1;;/about;GET;
::ffff:127.0.0.1;;/about;GET;
::ffff:127.0.0.1;;/about;GET;
::ffff:127.0.0.1;;/about;GET;
::ffff:127.0.0.1;;/about;GET;
::ffff:127.0.0.1;;/about;GET;
::ffff:127.0.0.1;;/about;GET;
::ffff:127.0.0.1;;/about;GET;
::ffff:127.0.0.1;;/about;GET;
::ffff:127.0.0.1;;/about;GET;
::ffff:127.0.0.1;;/about;GET;
::ffff:127.0.0.1;;/about;GET;
::ffff:127.0.0.1;;/about;GET;
::ffff:127.0.0.1;;/about;GET;
::ffff:127.0.0.1;;/about;GET;
::ffff:127.0.0.1;;/about;GET;
::ffff:127.0.0.1;;/about;GET;
::ffff:127.0.0.1;;/about;GET;
::ffff:127.0.0.1;;/about;GET;
::ffff:127.0.0.1;;/about;GET;
::ffff:127.0.0.1;;/about;GET;
::ffff:127.0.0.1;;/about;GET;
::ffff:127.0.0.1;;/about;GET;
::ffff:127.0.0.1;;/about;GET;
::ffff:127.0.0.1;;/about;GET;
::ffff:127.0.0.1;;/about;GET;
::ffff:127.0.0.1;;/about;GET;
::ffff:127.0.0.1;;/about;GET;
::ffff:127.0.0.1;;/about;GET;
::ffff:127.0.0.1;;/about;GET;
::ffff:127.0.0.1;;/about;GET;
::ffff:127.0.0.1;;/about;GET;
::ffff:127.0.0.1;;/about;GET;
::ffff:127.0.0.1;;/about;GET;
::ffff:127.0.0.1;;/about;GET;
::ffff:127.0.0.1;;/about;GET;
::ffff:127.0.0.1;;/about;GET;
::ffff:127.0.0.1;;/about;GET;
::ffff:127.0.0.1;;/about;GET;
::ffff:127.0.0.1;;/about;GET;
::ffff:127.0.0.1;;/about;GET;
::ffff:127.0.0.1;;/about;GET;
::ffff:127.0.0.1;;/about;GET;
::ffff:127.0.0.1;;/about;GET;
::ffff:127.0.0.1;;/about;GET;
::ffff:127.0.0.1;;/about;GET;
::ffff:127.0.0.1;;/about;GET;
::ffff:127.0.0.1;;/about;GET;
::ffff:127.0.0.1;;/about;GET;
::ffff:127.0.0.1;;/about;GET;
::ffff:127.0.0.1;;/about;GET;
::ffff:127.0.0.1;;/about;GET;
::ffff:127.0.0.1;;/about;GET;
::ffff:127.0.0.1;;/about;GET;
::ffff:127.0.0.1;;/about;GET;
::ffff:127.0.0.1;;/about;GET;
::ffff:127.0.0.1;;/about;GET;
::ffff:127.0.0.1;;/about;GET;
::ffff:127.0.0.1;;/about;GET;
::ffff:127.0.0.1;;/about;GET;
::ffff:127.0.0.1;;/about;GET;
::ffff:127.0.0.1;;/about;GET;
::ffff:127.0.0.1;;/about;GET;
::ffff:127.0.0.1;;/about;GET;
::ffff:127.0.0.1;;/about;GET;
::ffff:127.0.0.1;;/about;GET;
::ffff:127.0.0.1;;/about;GET;
::ffff:127.0.0.1;;/about;GET;
::ffff:127.0.0.1;;/about;GET;
::ffff:127.0.0.1;;/about;GET;
::ffff:127.0.0.1;;/about;GET;
::ffff:127.0.0.1;;/about;GET;
::ffff:127.0.0.1;;/about;GET;
::ffff:127.0.0.1;;/about;GET;
::ffff:127.0.0.1;;/about;GET;
::ffff:127.0.0.1;;/about;GET;
::ffff:127.0.0.1;;/about;GET;
::ffff:127.0.0.1;;/about;GET;
::ffff:127.0.0.1;;/about;GET;
::ffff:127.0.0.1;;/about;GET;
::ffff:127.0.0.1;;/about;GET;
::ffff:127.0.0.1;;/about;GET;
::ffff:127.0.0.1;;/about;GET;
::ffff:127.0.0.1;;/about;GET;
::ffff:127.0.0.1;;/about;GET;
::ffff:127.0.0.1;;/about;GET;
::ffff:127.0.0.1;;/about;GET;
::ffff:127.0.0.1;;/about;GET;
::ffff:127.0.0.1;;/about;GET;
::ffff:127.0.0.1;;/about;GET;
::ffff:127.0.0.1;;/about;GET;
::ffff:127.0.0.1;;/about;GET;
::ffff:127.0.0.1;;/about;GET;
::ffff:127.0.0.1;;/about;GET;
::ffff:127.0.0.1;;/about;GET;
::ffff:127.0.0.1;;/about;GET;
::ffff:127.0.0.1;;/about;GET;
::ffff:127.0.0.1;;/about;GET;
::ffff:127.0.0.1;;/about;GET;
::ffff:127.0.0.1;;/about;GET;
::ffff:127.0.0.1;;/about;GET;
::ffff:127.0.0.1;;/about;GET;
::ffff:127.0.0.1;;/about;GET;
::ffff:127.0.0.1;;/about;GET;
::ffff:127.0.0.1;;/about;GET;
::ffff:127.0.0.1;;/about;GET;
::ffff:127.0.0.1;;/about;GET;
::ffff:127.0.0.1;;/about;GET;
::ffff:127.0.0.1;;/about;GET;
::ffff:127.0.0.1;;/about;GET;
::ffff:127.0.0.1;;/about;GET;
::ffff:127.0.0.1;;/about;GET;
::ffff:127.0.0.1;;/about;GET;
::ffff:127.0.0.1;;/about;GET;
::ffff:127.0.0.1;;/about;GET;
::ffff:127.0.0.1;;/about;GET;
::ffff:127.0.0.1;;/about;GET;
::ffff:127.0.0.1;;/about;GET;
::ffff:127.0.0.1;;/about;GET;
::ffff:127.0.0.1;;/about;GET;
::ffff:127.0.0.1;;/about;GET;
::ffff:127.0.0.1;;/about;GET;
::ffff:127.0.0.1;;/about;GET;
::ffff:127.0.0.1;;/about;GET;
::ffff:127.0.0.1;;/about;GET;
::ffff:127.0.0.1;;/about;GET;
::ffff:127.0.0.1;;/about;GET;
::ffff:127.0.0.1;;/about;GET;
::ffff:127.0.0.1;;/about;GET;
::ffff:127.0.0.1;;/about;GET;
::ffff:127.0.0.1;;/about;GET;
::ffff:127.0.0.1;;/about;GET;
::ffff:127.0.0.1;;/about;GET;
::ffff:127.0.0.1;;/about;GET;
::ffff:127.0.0.1;;/about;GET;
::ffff:127.0.0.1;;/about;GET;
::ffff:127.0.0.1;;/about;GET;
::ffff:127.0.0.1;;/about;GET;
::ffff:127.0.0.1;;/about;GET;
::ffff:127.0.0.1;;/about;GET;
::ffff:127.0.0.1;;/about;GET;
::ffff:127.0.0.1;;/about;GET;
::ffff:127.0.0.1;;/about;GET;
::ffff:127.0.0.1;;/about;GET;
::ffff:127.0.0.1;;/about;GET;
::ffff:127.0.0.1;;/about;GET;
::ffff:127.0.0.1;;/about;GET;
::ffff:127.0.0.1;;/about;GET;
::ffff:127.0.0.1;;/about;GET;
::ffff:127.0.0.1;;/about;GET;
::ffff:127.0.0.1;;/about;GET;
::ffff:127.0.0.1;;/about;GET;
::ffff:127.0.0.1;;/about;GET;
::ffff:127.0.0.1;;/about;GET;
::ffff:127.0.0.1;;/about;GET;
::ffff:127.0.0.1;;/about;GET;
::ffff:127.0.0.1;;/about;GET;
::ffff:127.0.0.1;;/about;GET;
::ffff:127.0.0.1;;/about;GET;
::ffff:127.0.0.1;;/about;GET;
::ffff:127.0.0.1;;/about;GET;
::ffff:127.0.0.1;;/about;GET;
::ffff:127.0.0.1;;/about;GET;
::ffff:127.0.0.1;;/about;GET;
::ffff:127.0.0.1;;/about;GET;
::ffff:127.0.0.1;;/about;GET;
::ffff:127.0.0.1;;/about;GET;
::ffff:127.0.0.1;;/about;GET;
::ffff:127.0.0.1;;/about;GET;
::ffff:127.0.0.1;;/about;GET;
::ffff:127.0.0.1;;/about;GET;
::ffff:127.0.0.1;;/about;GET;
::ffff:127.0.0.1;;/about;GET;
::ffff:127.0.0.1;;/about;GET;
::ffff:127.0.0.1;;/about;GET;
::ffff:127.0.0.1;;/about;GET;
::ffff:127.0.0.1;;/about;GET;
::ffff:127.0.0.1;;/about;GET;
::ffff:127.0.0.1;;/about;GET;
::ffff:127.0.0.1;;/about;GET;
::ffff:127.0.0.1;;/about;GET;
::ffff:127.0.0.1;;/about;GET;
::ffff:127.0.0.1;;/about;GET;
::ffff:127.0.0.1;;/about;GET;
::ffff:127.0.0.1;;/about;GET;
::ffff:127.0.0.1;;/about;GET;
::ffff:127.0.0.1;;/about;GET;
::ffff:127.0.0.1;;/about;GET;
::ffff:127.0.0.1;;/about;GET;
::ffff:127.0.0.1;;/about;GET;
::ffff:127.0.0.1;;/about;GET;
::ffff:127.0.0.1;;/about;GET;
::ffff:127.0.0.1;;/about;GET;
::ffff:127.0.0.1;;/about;GET;
::ffff:127.0.0.1;;/about;GET;
::ffff:127.0.0.1;;/about;GET;
::ffff:127.0.0.1;;/about;GET;
::ffff:127.0.0.1;;/about;GET;
::ffff:127.0.0.1;;/about;GET;
::ffff:127.0.0.1;;/about;GET;
::ffff:127.0.0.1;;/about;GET;
::ffff:127.0.0.1;;/about;GET;
::ffff:127.0.0.1;;/about;GET;
::ffff:127.0.0.1;;/about;GET;
::ffff:127.0.0.1;;/about;GET;
::ffff:127.0.0.1;;/about;GET;
::ffff:127.0.0.1;;/about;GET;
::ffff:127.0.0.1;;/about;GET;
::ffff:127.0.0.1;;/about;GET;
::ffff:127.0.0.1;;/about;GET;
::ffff:127.0.0.1;;/about;GET;
::ffff:127.0.0.1;;/about;GET;
::ffff:127.0.0.1;;/about;GET;
::ffff:127.0.0.1;;/about;GET;
::ffff:127.0.0.1;;/about;GET;
::ffff:127.0.0.1;;/about;GET;
::ffff:127.0.0.1;;/about;GET;
::ffff:127.0.0.1;;/about;GET;
::ffff:127.0.0.1;;/about;GET;
::ffff:127.0.0.1;;/about;GET;
::ffff:127.0.0.1;;/about;GET;
::ffff:127.0.0.1;;/about;GET;
::ffff:127.0.0.1;;/about;GET;
::ffff:127.0.0.1;;/about;GET;
::ffff:127.0.0.1;;/about;GET;
::ffff:127.0.0.1;;/about;GET;
::ffff:127.0.0.1;;/about;GET;
::ffff:127.0.0.1;;/about;GET;
::ffff:127.0.0.1;;/about;GET;
::ffff:127.0.0.1;;/about;GET;
::ffff:127.0.0.1;;/about;GET;
::ffff:127.0.0.1;;/about;GET;
::ffff:127.0.0.1;;/about;GET;
::ffff:127.0.0.1;;/about;GET;
::ffff:127.0.0.1;;/about;GET;
::ffff:127.0.0.1;;/about;GET;
::ffff:127.0.0.1;;/about;GET;
::ffff:127.0.0.1;;/about;GET;
::ffff:127.0.0.1;;/about;GET;
::ffff:127.0.0.1;;/about;GET;
::ffff:127.0.0.1;;/about;GET;
::ffff:127.0.0.1;;/about;GET;
::ffff:127.0.0.1;;/about;GET;
::ffff:127.0.0.1;;/about;GET;
::ffff:127.0.0.1;;/about;GET;
::ffff:127.0.0.1;;/about;GET;
::ffff:127.0.0.1;;/about;GET;
::ffff:127.0.0.1;;/about;GET;
::ffff:127.0.0.1;;/about;GET;
::ffff:127.0.0.1;;/about;GET;
::ffff:127.0.0.1;;/about;GET;
::ffff:127.0.0.1;;/about;GET;
::ffff:127.0.0.1;;/about;GET;
::ffff:127.0.0.1;;/about;GET;
::ffff:127.0.0.1;;/about;GET;
::ffff:127.0.0.1;;/about;GET;
::ffff:127.0.0.1;;/about;GET;
::ffff:127.0.0.1;;/about;GET;
::ffff:127.0.0.1;;/about;GET;
::ffff:127.0.0.1;;/about;GET;
::ffff:127.0.0.1;;/about;GET;
::ffff:127.0.0.1;;/about;GET;
::ffff:127.0.0.1;;/about;GET;
::ffff:127.0.0.1;;/about;GET;
::ffff:127.0.0.1;;/about;GET;
::ffff:127.0.0.1;;/about;GET;
::ffff:127.0.0.1;;/about;GET;
::ffff:127.0.0.1;;/about;GET;
::ffff:127.0.0.1;;/about;GET;
::ffff:127.0.0.1;;/about;GET;
::ffff:127.0.0.1;;/about;GET;
::ffff:127.0.0.1;;/about;GET;
::ffff:127.0.0.1;;/about;GET;
::ffff:127.0.0.1;;/about;GET;
::ffff:127.0.0.1;;/about;GET;
::ffff:127.0.0.1;;/about;GET;
::ffff:127.0.0.1;;/about;GET;
::ffff:127.0.0.1;;/about;GET;
::ffff:127.0.0.1;;/about;GET;
::ffff:127.0.0.1;;/about;GET;
::ffff:127.0.0.1;;/about;GET;
::ffff:127.0.0.1;;/about;GET;
::ffff:127.0.0.1;;/about;GET;
::ffff:127.0.0.1;;/about;GET;
::ffff:127.0.0.1;;/about;GET;
::ffff:127.0.0.1;;/about;GET;
::ffff:127.0.0.1;;/about;GET;
::ffff:127.0.0.1;;/about;GET;
::ffff:127.0.0.1;;/about;GET;
::ffff:127.0.0.1;;/about;GET;
::ffff:127.0.0.1;;/about;GET;
::ffff:127.0.0.1;;/about;GET;
::ffff:127.0.0.1;;/about;GET;
::ffff:127.0.0.1;;/about;GET;
::ffff:127.0.0.1;;/about;GET;
::ffff:127.0.0.1;;/about;GET;
::ffff:127.0.0.1;;/about;GET;
::ffff:127.0.0.1;;/about;GET;
::ffff:127.0.0.1;;/about;GET;
::ffff:127.0.0.1;;/about;GET;
::ffff:127.0.0.1;;/about;GET;
::ffff:127.0.0.1;;/about;GET;
::ffff:127.0.0.1;;/about;GET;
::ffff:127.0.0.1;;/about;GET;
::ffff:127.0.0.1;;/about;GET;
::ffff:127.0.0.1;;/about;GET;
::ffff:127.0.0.1;;/about;GET;
::ffff:127.0.0.1;;/about;GET;
::ffff:127.0.0.1;;/about;GET;
::ffff:127.0.0.1;;/about;GET;
::ffff:127.0.0.1;;/about;GET;
::ffff:127.0.0.1;;/about;GET;
::ffff:127.0.0.1;;/about;GET;
::ffff:127.0.0.1;;/about;GET;
::ffff:127.0.0.1;;/about;GET;
::ffff:127.0.0.1;;/about;GET;
::ffff:127.0.0.1;;/about;GET;
::ffff:127.0.0.1;;/about;GET;
::ffff:127.0.0.1;;/about;GET;
::ffff:127.0.0.1;;/about;GET;
::ffff:127.0.0.1;;/about;GET;
::ffff:127.0.0.1;;/about;GET;
::ffff:127.0.0.1;;/about;GET;
::ffff:127.0.0.1;;/about;GET;
::ffff:127.0.0.1;;/about;GET;
::ffff:127.0.0.1;;/about;GET;
::ffff:127.0.0.1;;/about;GET;
::ffff:127.0.0.1;;/about;GET;
::ffff:127.0.0.1;;/about;GET;
::ffff:127.0.0.1;;/about;GET;
::ffff:127.0.0.1;;/about;GET;
::ffff:127.0.0.1;;/about;GET;
::ffff:127.0.0.1;;/about;GET;
::ffff:127.0.0.1;;/about;GET;
::ffff:127.0.0.1;;/about;GET;
::ffff:127.0.0.1;;/about;GET;
::ffff:127.0.0.1;;/about;GET;
::ffff:127.0.0.1;;/about;GET;
::ffff:127.0.0.1;;/about;GET;
::ffff:127.0.0.1;;/about;GET;
::ffff:127.0.0.1;;/about;GET;
::ffff:127.0.0.1;;/about;GET;
::ffff:127.0.0.1;;/about;GET;
::ffff:127.0.0.1;;/about;GET;
::ffff:127.0.0.1;;/about;GET;
::ffff:127.0.0.1;;/about;GET;
::ffff:127.0.0.1;;/about;GET;
::ffff:127.0.0.1;;/about;GET;
::ffff:127.0.0.1;;/about;GET;
::ffff:127.0.0.1;;/about;GET;
::ffff:127.0.0.1;;/about;GET;
::ffff:127.0.0.1;;/about;GET;
::ffff:127.0.0.1;;/about;GET;
::ffff:127.0.0.1;;/about;GET;
::ffff:127.0.0.1;;/about;GET;
::ffff:127.0.0.1;;/about;GET;
::ffff:127.0.0.1;;/about;GET;
::ffff:127.0.0.1;;/about;GET;
::ffff:127.0.0.1;;/about;GET;
::ffff:127.0.0.1;;/about;GET;
::ffff:127.0.0.1;;/about;GET;
::ffff:127.0.0.1;;/about;GET;
::ffff:127.0.0.1;;/about;GET;
::ffff:127.0.0.1;;/about;GET;
::ffff:127.0.0.1;;/about;GET;
::ffff:127.0.0.1;;/about;GET;
::ffff:127.0.0.1;;/about;GET;
::ffff:127.0.0.1;;/about;GET;
::ffff:127.0.0.1;;/about;GET;
::ffff:127.0.0.1;;/about;GET;
::ffff:127.0.0.1;;/about;GET;
::ffff:127.0.0.1;;/about;GET;
::ffff:127.0.0.1;;/about;GET;
::ffff:127.0.0.1;;/about;GET;
::ffff:127.0.0.1;;/about;GET;
::ffff:127.0.0.1;;/about;GET;
::ffff:127.0.0.1;;/about;GET;
::ffff:127.0.0.1;;/about;GET;
::ffff:127.0.0.1;;/about;GET;
::ffff:127.0.0.1;;/about;GET;
::ffff:127.0.0.1;;/about;GET;
::ffff:127.0.0.1;;/about;GET;
::ffff:127.0.0.1;;/about;GET;
::ffff:127.0.0.1;;/about;GET;
::ffff:127.0.0.1;;/about;GET;
::ffff:127.0.0.1;;/about;GET;
::ffff:127.0.0.1;;/about;GET;
::ffff:127.0.0.1;;/about;GET;
::ffff:127.0.0.1;;/about;GET;
::ffff:127.0.0.1;;/about;GET;
::ffff:127.0.0.1;;/about;GET;
::ffff:127.0.0.1;;/about;GET;
::ffff:127.0.0.1;;/about;GET;
::ffff:127.0.0.1;;/about;GET;
::ffff:127.0.0.1;;/about;GET;
::ffff:127.0.0.1;;/about;GET;
::ffff:127.0.0.1;;/about;GET;
::ffff:127.0.0.1;;/about;GET;
::ffff:127.0.0.1;;/about;GET;
::ffff:127.0.0.1;;/about;GET;
::ffff:127.0.0.1;;/about;GET;
::ffff:127.0.0.1;;/about;GET;
::ffff:127.0.0.1;;/about;GET;
::ffff:127.0.0.1;;/about;GET;
::ffff:127.0.0.1;;/about;GET;
::ffff:127.0.0.1;;/about;GET;
::ffff:127.0.0.1;;/about;GET;
::ffff:127.0.0.1;;/about;GET;
::ffff:127.0.0.1;;/about;GET;
::ffff:127.0.0.1;;/about;GET;
::ffff:127.0.0.1;;/about;GET;
::ffff:127.0.0.1;;/about;GET;
::ffff:127.0.0.1;;/about;GET;
::ffff:127.0.0.1;;/about;GET;
::ffff:127.0.0.1;;/about;GET;
::ffff:127.0.0.1;;/about;GET;
::ffff:127.0.0.1;;/about;GET;
::ffff:127.0.0.1;;/about;GET;
::ffff:127.0.0.1;;/about;GET;
::ffff:127.0.0.1;;/about;GET;
::ffff:127.0.0.1;;/about;GET;
::ffff:127.0.0.1;;/about;GET;
::ffff:127.0.0.1;;/about;GET;
::ffff:127.0.0.1;;/about;GET;
::ffff:127.0.0.1;;/about;GET;
::ffff:127.0.0.1;;/about;GET;
::ffff:127.0.0.1;;/about;GET;
::ffff:127.0.0.1;;/about;GET;
::ffff:127.0.0.1;;/about;GET;
::ffff:127.0.0.1;;/about;GET;
::ffff:127.0.0.1;;/about;GET;
::ffff:127.0.0.1;;/about;GET;
::ffff:127.0.0.1;;/about;GET;
::ffff:127.0.0.1;;/about;GET;
::ffff:127.0.0.1;;/about;GET;
::ffff:127.0.0.1;;/about;GET;
::ffff:127.0.0.1;;/about;GET;
::ffff:127.0.0.1;;/about;GET;
::ffff:127.0.0.1;;/about;GET;
::ffff:127.0.0.1;;/about;GET;
::ffff:127.0.0.1;;/about;GET;
::ffff:127.0.0.1;;/about;GET;
::ffff:127.0.0.1;;/about;GET;
::ffff:127.0.0.1;;/about;GET;
::ffff:127.0.0.1;;/about;GET;
::ffff:127.0.0.1;;/about;GET;
::ffff:127.0.0.1;;/about;GET;
::ffff:127.0.0.1;;/about;GET;
::ffff:127.0.0.1;;/about;GET;
::ffff:127.0.0.1;;/about;GET;
::ffff:127.0.0.1;;/about;GET;
::ffff:127.0.0.1;;/about;GET;
::ffff:127.0.0.1;;/about;GET;
::ffff:127.0.0.1;;/about;GET;
::ffff:127.0.0.1;;/about;GET;
::ffff:127.0.0.1;;/about;GET;
::ffff:127.0.0.1;;/about;GET;
::ffff:127.0.0.1;;/about;GET;
::ffff:127.0.0.1;;/about;GET;
::ffff:127.0.0.1;;/about;GET;
::ffff:127.0.0.1;;/about;GET;
::ffff:127.0.0.1;;/about;GET;
::ffff:127.0.0.1;;/about;GET;
::ffff:127.0.0.1;;/about;GET;
::ffff:127.0.0.1;;/about;GET;
::ffff:127.0.0.1;;/about;GET;
::ffff:127.0.0.1;;/about;GET;
::ffff:127.0.0.1;;/about;GET;
::ffff:127.0.0.1;;/about;GET;
::ffff:127.0.0.1;;/about;GET;
::ffff:127.0.0.1;;/about;GET;
::ffff:127.0.0.1;;/about;GET;
::ffff:127.0.0.1;;/about;GET;
::ffff:127.0.0.1;;/about;GET;
::ffff:127.0.0.1;;/about;GET;
::ffff:127.0.0.1;;/about;GET;
::ffff:127.0.0.1;;/about;GET;
::ffff:127.0.0.1;;/about;GET;
::ffff:127.0.0.1;;/about;GET;
::ffff:127.0.0.1;;/about;GET;
::ffff:127.0.0.1;;/about;GET;
::ffff:127.0.0.1;;/about;GET;
::ffff:127.0.0.1;;/about;GET;
::ffff:127.0.0.1;;/about;GET;
::ffff:127.0.0.1;;/about;GET;
::ffff:127.0.0.1;;/about;GET;
::ffff:127.0.0.1;;/about;GET;
::ffff:127.0.0.1;;/about;GET;
::ffff:127.0.0.1;;/about;GET;
::ffff:127.0.0.1;;/about;GET;
::ffff:127.0.0.1;;/about;GET;
::ffff:127.0.0.1;;/about;GET;
::ffff:127.0.0.1;;/about;GET;
::ffff:127.0.0.1;;/about;GET;
::ffff:127.0.0.1;;/about;GET;
::ffff:127.0.0.1;;/about;GET;
::ffff:127.0.0.1;;/about;GET;
::ffff:127.0.0.1;;/about;GET;
::ffff:127.0.0.1;;/about;GET;
::ffff:127.0.0.1;;/about;GET;
::ffff:127.0.0.1;;/about;GET;
::ffff:127.0.0.1;;/about;GET;
::ffff:127.0.0.1;;/about;GET;
::ffff:127.0.0.1;;/about;GET;
::ffff:127.0.0.1;;/about;GET;
::ffff:127.0.0.1;;/about;GET;
::ffff:127.0.0.1;;/about;GET;
::ffff:127.0.0.1;;/about;GET;
::ffff:127.0.0.1;;/about;GET;
::ffff:127.0.0.1;;/about;GET;
::ffff:127.0.0.1;;/about;GET;
::ffff:127.0.0.1;;/about;GET;
::ffff:127.0.0.1;;/about;GET;
::ffff:127.0.0.1;;/about;GET;
::ffff:127.0.0.1;;/about;GET;
::ffff:127.0.0.1;;/about;GET;
::ffff:127.0.0.1;;/about;GET;
::ffff:127.0.0.1;;/about;GET;
::ffff:127.0.0.1;;/about;GET;
::ffff:127.0.0.1;;/about;GET;
::ffff:127.0.0.1;;/about;GET;
::ffff:127.0.0.1;;/about;GET;
::ffff:127.0.0.1;;/about;GET;
::ffff:127.0.0.1;;/about;GET;
::ffff:127.0.0.1;;/about;GET;
::ffff:127.0.0.1;;/about;GET;
::ffff:127.0.0.1;;/about;GET;
::ffff:127.0.0.1;;/about;GET;
::ffff:127.0.0.1;;/about;GET;
::ffff:127.0.0.1;;/about;GET;
::ffff:127.0.0.1;;/about;GET;
::ffff:127.0.0.1;;/about;GET;
::ffff:127.0.0.1;;/about;GET;
::ffff:127.0.0.1;;/about;GET;
::ffff:127.0.0.1;;/about;GET;
::ffff:127.0.0.1;;/about;GET;
::ffff:127.0.0.1;;/about;GET;
::ffff:127.0.0.1;;/about;GET;
::ffff:127.0.0.1;;/about;GET;
::ffff:127.0.0.1;;/about;GET;
::ffff:127.0.0.1;;/about;GET;
::ffff:127.0.0.1;;/about;GET;
::ffff:127.0.0.1;;/about;GET;
::ffff:127.0.0.1;;/about;GET;
::ffff:127.0.0.1;;/about;GET;
::ffff:127.0.0.1;;/about;GET;
::ffff:127.0.0.1;;/about;GET;
::ffff:127.0.0.1;;/about;GET;
::ffff:127.0.0.1;;/about;GET;
::ffff:127.0.0.1;;/about;GET;
::ffff:127.0.0.1;;/about;GET;
::ffff:127.0.0.1;;/about;GET;
::ffff:127.0.0.1;;/about;GET;
::ffff:127.0.0.1;;/about;GET;
::ffff:127.0.0.1;;/about;GET;
::ffff:127.0.0.1;;/about;GET;
::ffff:127.0.0.1;;/about;GET;
::ffff:127.0.0.1;;/about;GET;
::ffff:127.0.0.1;;/about;GET;
::ffff:127.0.0.1;;/about;GET;
::ffff:127.0.0.1;;/about;GET;
::ffff:127.0.0.1;;/about;GET;
::ffff:127.0.0.1;;/about;GET;
::ffff:127.0.0.1;;/about;GET;
::ffff:127.0.0.1;;/about;GET;
::ffff:127.0.0.1;;/about;GET;
::ffff:127.0.0.1;;/about;GET;
::ffff:127.0.0.1;;/about;GET;
::ffff:127.0.0.1;;/about;GET;
::ffff:127.0.0.1;;/about;GET;
::ffff:127.0.0.1;;/about;GET;
::ffff:127.0.0.1;;/about;GET;
::ffff:127.0.0.1;;/about;GET;
::ffff:127.0.0.1;;/about;GET;
::ffff:127.0.0.1;;/about;GET;
::ffff:127.0.0.1;;/about;GET;
::ffff:127.0.0.1;;/about;GET;
::ffff:127.0.0.1;;/about;GET;
::ffff:127.0.0.1;;/about;GET;
::ffff:127.0.0.1;;/about;GET;
::ffff:127.0.0.1;;/about;GET;
::ffff:127.0.0.1;;/about;GET;
::ffff:127.0.0.1;;/about;GET;
::ffff:127.0.0.1;;/about;GET;
::ffff:127.0.0.1;;/about;GET;
::ffff:127.0.0.1;;/about;GET;
::ffff:127.0.0.1;;/about;GET;
::ffff:127.0.0.1;;/about;GET;
::ffff:127.0.0.1;;/about;GET;
::ffff:127.0.0.1;;/about;GET;
::ffff:127.0.0.1;;/about;GET;
::ffff:127.0.0.1;;/about;GET;
::ffff:127.0.0.1;;/about;GET;
::ffff:127.0.0.1;;/about;GET;
::ffff:127.0.0.1;;/about;GET;
::ffff:127.0.0.1;;/about;GET;
::ffff:127.0.0.1;;/about;GET;
::ffff:127.0.0.1;;/about;GET;
::ffff:127.0.0.1;;/about;GET;
::ffff:127.0.0.1;;/about;GET;
::ffff:127.0.0.1;;/about;GET;
::ffff:127.0.0.1;;/about;GET;
::ffff:127.0.0.1;;/about;GET;
::ffff:127.0.0.1;;/about;GET;
::ffff:127.0.0.1;;/about;GET;
::ffff:127.0.0.1;;/about;GET;
::ffff:127.0.0.1;;/about;GET;
::ffff:127.0.0.1;;/about;GET;
::ffff:127.0.0.1;;/about;GET;
::ffff:127.0.0.1;;/about;GET;
::ffff:127.0.0.1;;/about;GET;
::ffff:127.0.0.1;;/about;GET;
::ffff:127.0.0.1;;/about;GET;
::ffff:127.0.0.1;;/about;GET;
::ffff:127.0.0.1;;/about;GET;
::ffff:127.0.0.1;;/about;GET;
::ffff:127.0.0.1;;/about;GET;
::ffff:127.0.0.1;;/about;GET;
::ffff:127.0.0.1;;/about;GET;
::ffff:127.0.0.1;;/about;GET;
::ffff:127.0.0.1;;/about;GET;
::ffff:127.0.0.1;;/about;GET;
::ffff:127.0.0.1;;/about;GET;
::ffff:127.0.0.1;;/about;GET;
::ffff:127.0.0.1;;/about;GET;
::ffff:127.0.0.1;;/about;GET;
::ffff:127.0.0.1;;/about;GET;
::ffff:127.0.0.1;;/about;GET;
::ffff:127.0.0.1;;/about;GET;
::ffff:127.0.0.1;;/about;GET;
::ffff:127.0.0.1;;/about;GET;
::ffff:127.0.0.1;;/about;GET;
::ffff:127.0.0.1;;/about;GET;
::ffff:127.0.0.1;;/about;GET;
::ffff:127.0.0.1;;/about;GET;
::ffff:127.0.0.1;;/about;GET;
::ffff:127.0.0.1;;/about;GET;
::ffff:127.0.0.1;;/about;GET;
::ffff:127.0.0.1;;/about;GET;
::ffff:127.0.0.1;;/about;GET;
::ffff:127.0.0.1;;/about;GET;
::ffff:127.0.0.1;;/about;GET;
::ffff:127.0.0.1;;/about;GET;
::ffff:127.0.0.1;;/about;GET;
::ffff:127.0.0.1;;/about;GET;
::ffff:127.0.0.1;;/about;GET;
::ffff:127.0.0.1;;/about;GET;
::ffff:127.0.0.1;;/about;GET;
::ffff:127.0.0.1;;/about;GET;
::ffff:127.0.0.1;;/about;GET;
::ffff:127.0.0.1;;/about;GET;
::ffff:127.0.0.1;;/about;GET;
::ffff:127.0.0.1;;/about;GET;
::ffff:127.0.0.1;;/about;GET;
::ffff:127.0.0.1;;/about;GET;
::ffff:127.0.0.1;;/about;GET;
::ffff:127.0.0.1;;/about;GET;
::ffff:127.0.0.1;;/about;GET;
::ffff:127.0.0.1;;/about;GET;
::ffff:127.0.0.1;;/about;GET;
::ffff:127.0.0.1;;/about;GET;
::ffff:127.0.0.1;;/about;GET;
::ffff:127.0.0.1;;/about;GET;
::ffff:127.0.0.1;;/about;GET;
::ffff:127.0.0.1;;/about;GET;
::ffff:127.0.0.1;;/about;GET;
::ffff:127.0.0.1;;/about;GET;
::ffff:127.0.0.1;;/about;GET;
::ffff:127.0.0.1;;/about;GET;
::ffff:127.0.0.1;;/about;GET;
::ffff:127.0.0.1;;/about;GET;
::ffff:127.0.0.1;;/about;GET;
::ffff:127.0.0.1;;/about;GET;
::ffff:127.0.0.1;;/about;GET;
::ffff:127.0.0.1;;/about;GET;
::ffff:127.0.0.1;;/about;GET;
::ffff:127.0.0.1;;/about;GET;
::ffff:127.0.0.1;;/about;GET;
::ffff:127.0.0.1;;/about;GET;
::ffff:127.0.0.1;;/about;GET;
::ffff:127.0.0.1;;/about;GET;
::ffff:127.0.0.1;;/about;GET;
::ffff:127.0.0.1;;/about;GET;
::ffff:127.0.0.1;;/about;GET;
::ffff:127.0.0.1;;/about;GET;
::ffff:127.0.0.1;;/about;GET;
::ffff:127.0.0.1;;/about;GET;
::ffff:127.0.0.1;;/about;GET;
::ffff:127.0.0.1;;/about;GET;
::ffff:127.0.0.1;;/about;GET;
::ffff:127.0.0.1;;/about;GET;
::ffff:127.0.0.1;;/about;GET;
::ffff:127.0.0.1;;/about;GET;
::ffff:127.0.0.1;;/about;GET;
::ffff:127.0.0.1;;/about;GET;
::ffff:127.0.0.1;;/about;GET;
::ffff:127.0.0.1;;/about;GET;
::ffff:127.0.0.1;;/about;GET;
::ffff:127.0.0.1;;/about;GET;
::ffff:127.0.0.1;;/about;GET;
::ffff:127.0.0.1;;/about;GET;
::ffff:127.0.0.1;;/about;GET;
::ffff:127.0.0.1;;/about;GET;
::ffff:127.0.0.1;;/about;GET;
::ffff:127.0.0.1;;/about;GET;
::ffff:127.0.0.1;;/about;GET;
::ffff:127.0.0.1;;/about;GET;
::ffff:127.0.0.1;;/about;GET;
::ffff:127.0.0.1;;/about;GET;
::ffff:127.0.0.1;;/about;GET;
::ffff:127.0.0.1;;/about;GET;
::ffff:127.0.0.1;;/about;GET;
::ffff:127.0.0.1;;/about;GET;
::ffff:127.0.0.1;;/about;GET;
::ffff:127.0.0.1;;/about;GET;
::ffff:127.0.0.1;;/about;GET;
::ffff:127.0.0.1;;/about;GET;
::ffff:127.0.0.1;;/about;GET;
::ffff:127.0.0.1;;/about;GET;
::ffff:127.0.0.1;;/about;GET;
::ffff:127.0.0.1;;/about;GET;
::ffff:127.0.0.1;;/about;GET;
::ffff:127.0.0.1;;/about;GET;
::ffff:127.0.0.1;;/about;GET;
::ffff:127.0.0.1;;/about;GET;
::ffff:127.0.0.1;;/about;GET;
::ffff:127.0.0.1;;/about;GET;
::ffff:127.0.0.1;;/about;GET;
::ffff:127.0.0.1;;/about;GET;
::ffff:127.0.0.1;;/about;GET;
::ffff:127.0.0.1;;/about;GET;
::ffff:127.0.0.1;;/about;GET;
::ffff:127.0.0.1;;/about;GET;
::ffff:127.0.0.1;;/about;GET;
::ffff:127.0.0.1;;/about;GET;
::ffff:127.0.0.1;;/about;GET;
::ffff:127.0.0.1;;/about;GET;
::ffff:127.0.0.1;;/about;GET;
::ffff:127.0.0.1;;/about;GET;
::ffff:127.0.0.1;;/about;GET;
::ffff:127.0.0.1;;/about;GET;
::ffff:127.0.0.1;;/about;GET;
::ffff:127.0.0.1;;/about;GET;
::ffff:127.0.0.1;;/about;GET;
::ffff:127.0.0.1;;/about;GET;
::ffff:127.0.0.1;;/about;GET;
::ffff:127.0.0.1;;/about;GET;
::ffff:127.0.0.1;;/about;GET;
::ffff:127.0.0.1;;/about;GET;
::ffff:127.0.0.1;;/about;GET;
::ffff:127.0.0.1;;/about;GET;
::ffff:127.0.0.1;;/about;GET;
::ffff:127.0.0.1;;/about;GET;
::ffff:127.0.0.1;;/about;GET;
::ffff:127.0.0.1;;/about;GET;
::ffff:127.0.0.1;;/about;GET;
::ffff:127.0.0.1;;/about;GET;
::ffff:127.0.0.1;;/about;GET;
::ffff:127.0.0.1;;/about;GET;
::ffff:127.0.0.1;;/about;GET;
::ffff:127.0.0.1;;/about;GET;
::ffff:127.0.0.1;;/about;GET;
::ffff:127.0.0.1;;/about;GET;
::ffff:127.0.0.1;;/about;GET;
::ffff:127.0.0.1;;/about;GET;
::ffff:127.0.0.1;;/about;GET;
::ffff:127.0.0.1;;/about;GET;
::ffff:127.0.0.1;;/about;GET;
::ffff:127.0.0.1;;/about;GET;
::ffff:127.0.0.1;;/about;GET;
::ffff:127.0.0.1;;/about;GET;
::ffff:127.0.0.1;;/about;GET;
::ffff:127.0.0.1;;/about;GET;
::ffff:127.0.0.1;;/about;GET;
::ffff:127.0.0.1;;/about;GET;
::ffff:127.0.0.1;;/about;GET;
::ffff:127.0.0.1;;/about;GET;
::ffff:127.0.0.1;;/about;GET;
::ffff:127.0.0.1;;/about;GET;
::ffff:127.0.0.1;;/about;GET;
::ffff:127.0.0.1;;/about;GET;
::ffff:127.0.0.1;;/about;GET;
::ffff:127.0.0.1;;/about;GET;
::ffff:127.0.0.1;;/about;GET;
::ffff:127.0.0.1;;/about;GET;
::ffff:127.0.0.1;;/about;GET;
::ffff:127.0.0.1;;/about;GET;
::ffff:127.0.0.1;;/about;GET;
::ffff:127.0.0.1;;/about;GET;
::ffff:127.0.0.1;;/about;GET;
::ffff:127.0.0.1;;/about;GET;
::ffff:127.0.0.1;;/about;GET;
::ffff:127.0.0.1;;/about;GET;
::ffff:127.0.0.1;;/about;GET;
::ffff:127.0.0.1;;/about;GET;
::ffff:127.0.0.1;;/about;GET;
::ffff:127.0.0.1;;/about;GET;
::ffff:127.0.0.1;;/about;GET;
::ffff:127.0.0.1;;/about;GET;
::ffff:127.0.0.1;;/about;GET;
::ffff:127.0.0.1;;/about;GET;
::ffff:127.0.0.1;;/about;GET;
::ffff:127.0.0.1;;/about;GET;
::ffff:127.0.0.1;;/about;GET;
::ffff:127.0.0.1;;/about;GET;
::ffff:127.0.0.1;;/about;GET;
::ffff:127.0.0.1;;/about;GET;
::ffff:127.0.0.1;;/about;GET;
::ffff:127.0.0.1;;/about;GET;
::ffff:127.0.0.1;;/about;GET;
::ffff:127.0.0.1;;/about;GET;
::ffff:127.0.0.1;;/about;GET;
::ffff:127.0.0.1;;/about;GET;
::ffff:127.0.0.1;;/about;GET;
::ffff:127.0.0.1;;/about;GET;
::ffff:127.0.0.1;;/about;GET;
::ffff:127.0.0.1;;/about;GET;
::ffff:127.0.0.1;;/about;GET;
::ffff:127.0.0.1;;/about;GET;
::ffff:127.0.0.1;;/about;GET;
::ffff:127.0.0.1;;/about;GET;
::ffff:127.0.0.1;;/about;GET;
::ffff:127.0.0.1;;/about;GET;
::ffff:127.0.0.1;;/about;GET;
::ffff:127.0.0.1;;/about;GET;
::ffff:127.0.0.1;;/about;GET;
::ffff:127.0.0.1;;/about;GET;
::ffff:127.0.0.1;;/about;GET;
::ffff:127.0.0.1;;/about;GET;
::ffff:127.0.0.1;;/about;GET;
::ffff:127.0.0.1;;/about;GET;
::ffff:127.0.0.1;;/about;GET;
::ffff:127.0.0.1;;/about;GET;
::ffff:127.0.0.1;;/about;GET;
::ffff:127.0.0.1;;/about;GET;
::ffff:127.0.0.1;;/about;GET;
::ffff:127.0.0.1;;/about;GET;
::ffff:127.0.0.1;;/about;GET;
::ffff:127.0.0.1;;/about;GET;
::ffff:127.0.0.1;;/about;GET;
::ffff:127.0.0.1;;/about;GET;
::ffff:127.0.0.1;;/about;GET;
::ffff:127.0.0.1;;/about;GET;
::ffff:127.0.0.1;;/about;GET;
::ffff:127.0.0.1;;/about;GET;
::ffff:127.0.0.1;;/about;GET;
::ffff:127.0.0.1;;/about;GET;
::ffff:127.0.0.1;;/about;GET;
::ffff:127.0.0.1;;/about;GET;
::ffff:127.0.0.1;;/about;GET;
::ffff:127.0.0.1;;/about;GET;
::ffff:127.0.0.1;;/about;GET;
::ffff:127.0.0.1;;/about;GET;
::ffff:127.0.0.1;;/about;GET;
::ffff:127.0.0.1;;/about;GET;
::ffff:127.0.0.1;;/about;GET;
::ffff:127.0.0.1;;/about;GET;
::ffff:127.0.0.1;;/about;GET;
::ffff:127.0.0.1;;/about;GET;
::ffff:127.0.0.1;;/about;GET;
::ffff:127.0.0.1;;/about;GET;
::ffff:127.0.0.1;;/about;GET;
::ffff:127.0.0.1;;/about;GET;
::ffff:127.0.0.1;;/about;GET;
::ffff:127.0.0.1;;/about;GET;
::ffff:127.0.0.1;;/about;GET;
::ffff:127.0.0.1;;/about;GET;
::ffff:127.0.0.1;;/about;GET;
::ffff:127.0.0.1;;/about;GET;
::ffff:127.0.0.1;;/about;GET;
::ffff:127.0.0.1;;/about;GET;
::ffff:127.0.0.1;;/about;GET;
::ffff:127.0.0.1;;/about;GET;
::ffff:127.0.0.1;;/about;GET;
::ffff:127.0.0.1;;/about;GET;
::ffff:127.0.0.1;;/about;GET;
::ffff:127.0.0.1;;/about;GET;
::ffff:127.0.0.1;;/about;GET;
::ffff:127.0.0.1;;/about;GET;
::ffff:127.0.0.1;;/about;GET;
::ffff:127.0.0.1;;/about;GET;
::ffff:127.0.0.1;;/about;GET;
::ffff:127.0.0.1;;/about;GET;
::ffff:127.0.0.1;;/about;GET;
::ffff:127.0.0.1;;/about;GET;
::ffff:127.0.0.1;;/about;GET;
::ffff:127.0.0.1;;/about;GET;
::ffff:127.0.0.1;;/about;GET;
::ffff:127.0.0.1;;/about;GET;
::ffff:127.0.0.1;;/about;GET;
::ffff:127.0.0.1;;/about;GET;
::ffff:127.0.0.1;;/about;GET;
::ffff:127.0.0.1;;/about;GET;
::ffff:127.0.0.1;;/about;GET;
::ffff:127.0.0.1;;/about;GET;
::ffff:127.0.0.1;;/about;GET;
::ffff:127.0.0.1;;/about;GET;
::ffff:127.0.0.1;;/about;GET;
::ffff:127.0.0.1;;/about;GET;
::ffff:127.0.0.1;;/about;GET;
::ffff:127.0.0.1;;/about;GET;
::ffff:127.0.0.1;;/about;GET;
::ffff:127.0.0.1;;/about;GET;
::ffff:127.0.0.1;;/about;GET;
::ffff:127.0.0.1;;/about;GET;
::ffff:127.0.0.1;;/about;GET;
::ffff:127.0.0.1;;/about;GET;
::ffff:127.0.0.1;;/about;GET;
::ffff:127.0.0.1;;/about;GET;
::ffff:127.0.0.1;;/about;GET;
::ffff:127.0.0.1;;/about;GET;
::ffff:127.0.0.1;;/about;GET;
::ffff:127.0.0.1;;/about;GET;
::ffff:127.0.0.1;;/about;GET;
::ffff:127.0.0.1;;/about;GET;
::ffff:127.0.0.1;;/about;GET;
::ffff:127.0.0.1;;/about;GET;
::ffff:127.0.0.1;;/about;GET;
::ffff:127.0.0.1;;/about;GET;
::ffff:127.0.0.1;;/about;GET;
::ffff:127.0.0.1;;/about;GET;
::ffff:127.0.0.1;;/about;GET;
::ffff:127.0.0.1;;/about;GET;
::ffff:127.0.0.1;;/about;GET;
::ffff:127.0.0.1;;/about;GET;
::ffff:127.0.0.1;;/about;GET;
::ffff:127.0.0.1;;/about;GET;
::ffff:127.0.0.1;;/about;GET;
::ffff:127.0.0.1;;/about;GET;
::ffff:127.0.0.1;;/about;GET;
::ffff:127.0.0.1;;/about;GET;
::ffff:127.0.0.1;;/about;GET;
::ffff:127.0.0.1;;/about;GET;
::ffff:127.0.0.1;;/about;GET;
::ffff:127.0.0.1;;/about;GET;
::ffff:127.0.0.1;;/about;GET;
::ffff:127.0.0.1;root;/;GET;
::ffff:127.0.0.1;GET;/;;
23-10-2021 00:58:11;::ffff:127.0.0.1;GET;/;;
23-10-2021 01:04:13;::ffff:127.0.0.1;GET;/;;
24-10-2021 13:42:18;::ffff:127.0.0.1;GET;/;;
24-10-2021 13:42:27;::ffff:127.0.0.1;POST;/account/login;;
24-10-2021 13:42:27;::ffff:127.0.0.1;GET;/;root;
24-10-2021 13:44:34;::ffff:127.0.0.1;GET;/;;
24-10-2021 13:45:18;::ffff:127.0.0.1;GET;/;;
24-10-2021 13:54:44;::1;GET;/;;
24-10-2021 13:54:54;::1;GET;/;;
24-10-2021 14:11:08;::ffff:127.0.0.1;POST;/account/login;;
24-10-2021 14:11:08;::ffff:127.0.0.1;GET;/;root;
24-10-2021 14:11:19;::ffff:127.0.0.1;GET;/api/account/5bd0af91c2bd1d6d94478aab;root;
24-10-2021 14:11:45;::ffff:127.0.0.1;GET;/api/account/5bd0af91c2bd1d6d94478aab;root;
24-10-2021 14:11:45;::ffff:127.0.0.1;GET;/api/account/5bd0af91c2bd1d6d94478aab;root;
24-10-2021 14:11:46;::ffff:127.0.0.1;GET;/api/account/5bd0af91c2bd1d6d94478aab;root;
24-10-2021 14:11:46;::ffff:127.0.0.1;GET;/api/account/5bd0af91c2bd1d6d94478aab;root;
::ffff:127.0.0.1;root;GET;/api/account/5bd0af91c2bd1d6d94478aab;
::ffff:127.0.0.1;root;GET;/api/account/5bd0af91c2bd1d6d94478aab;
::ffff:127.0.0.1;root;GET;/api/account/5bd0af91c2bd1d6d94478aab;
undefined;root;/api/account/5bd0af91c2bd1d6d94478aab;GET;
::ffff:127.0.0.1;root;/api/account/5bd0af91c2bd1d6d94478aab;GET;
::ffff:127.0.0.1;root;/api/account/5bd0af91c2bd1d6d94478aab;GET;
::1;root;/api/account/5bd0af91c2bd1d6d94478aab;GET;
::1;root;/api/account/5bd0af91c2bd1d6d94478aab;GET;
::1;root;/api/account/5bd0af91c2bd1d6d94478aab;GET;
::1;root;/api/account/5bd0af91c2bd1d6d94478aab;GET;
::1;root;/api/account/5bd0af91c2bd1d6d94478aab;GET;
::1;root;/api/account/5bd0af91c2bd1d6d94478aab;GET;
::ffff:127.0.0.1;root;/;GET;
::ffff:127.0.0.1;anonymous;/api/account/google_auth;GET;
::ffff:127.0.0.1;root;/account/logout;GET;
::ffff:127.0.0.1;anonymous;/;GET;
::ffff:127.0.0.1;anonymous;/api/account/google_auth;GET;
::ffff:127.0.0.1;anonymous;/account;POST;
::ffff:127.0.0.1;anonymous;/;GET;
::ffff:127.0.0.1;anonymous;/api/account/google_auth;GET;
::ffff:127.0.0.1;anonymous;/account/login;POST;
::ffff:127.0.0.1;anonymous;/account/login;POST;
::ffff:127.0.0.1;demo1@demo.cl;/;GET;
::ffff:127.0.0.1;anonymous;/api/account/google_auth;GET;
::1;demo1@demo.cl;/account/update;POST;
::1;demo1@demo.cl;/;GET;
::1;anonymous;/api/account/google_auth;GET;
::1;demo1@demo.cl;/account/update;POST;
::1;anonymous;/api/account/google_auth;GET;
::1;anonymous;/api/account/google_auth;GET;
::1;anonymous;/account/login;POST;
::1;demo1@demo.cl;/;GET;
::1;anonymous;/api/account/google_auth;GET;
::1;demo1@demo.cl;/account/update;POST;
::1;anonymous;/api/account/google_auth;GET;
::1;demo1@demo.cl;/account/info;GET;
::1;anonymous;/api/account/google_auth;GET;
::1;demo1@demo.cl;/account/info;GET;
::1;demo1@demo.cl;/account/info;GET;
::1;anonymous;/api/account/google_auth;GET;
::1;demo1@demo.cl;/;GET;
::1;demo1@demo.cl;/;GET;
::1;anonymous;/api/account/google_auth;GET;
::1;demo1@demo.cl;/account/logout;GET;
::1;anonymous;/;GET;
::1;anonymous;/api/account/google_auth;GET;
::1;anonymous;/account/login;POST;
::1;anonymous;/account/login;POST;
::1;demo1@demo.cl;/;GET;
::1;anonymous;/api/account/google_auth;GET;
::1;demo1@demo.cl;/account/logout;GET;
::1;anonymous;/;GET;
::1;anonymous;/api/account/google_auth;GET;
::1;anonymous;/account/login;POST;
::1;demo1@demo.cl;/;GET;
::1;anonymous;/api/account/google_auth;GET;
::1;demo1@demo.cl;/account/update;POST;
::1;demo1@demo.cl;/account/info;GET;
::1;anonymous;/api/account/google_auth;GET;
::1;demo1@demo.cl;/account/logout;GET;
::1;anonymous;/;GET;
::1;anonymous;/account/info;GET;
::1;anonymous;/api/account/google_auth;GET;
::1;anonymous;/account/info;GET;
::1;anonymous;/account/info;GET;
::1;anonymous;/account/info;GET;
::1;anonymous;/;GET;
::1;anonymous;/api/account/google_auth;GET;
::1;anonymous;/account/login;POST;
::1;demo1@demo.cl;/;GET;
::1;anonymous;/api/account/google_auth;GET;
::1;demo1@demo.cl;/account/logout;GET;
::1;anonymous;/;GET;
::1;anonymous;/api/account/google_auth;GET;
::1;anonymous;/account/login;POST;
::ffff:127.0.0.1;anonymous;/account/login;POST;
::ffff:127.0.0.1;demo1@demo.cl;/;GET;
::ffff:127.0.0.1;anonymous;/api/account/google_auth;GET;
::ffff:127.0.0.1;demo1@demo.cl;/account/logout;GET;
::ffff:127.0.0.1;anonymous;/;GET;
::ffff:127.0.0.1;anonymous;/api/account/google_auth;GET;
::ffff:127.0.0.1;anonymous;/account;POST;
::1;anonymous;/account;POST;
::1;anonymous;/;GET;
::1;anonymous;/api/account/google_auth;GET;
::1;anonymous;/account;POST;
::ffff:127.0.0.1;anonymous;/;GET;
::ffff:127.0.0.1;anonymous;/api/account/google_auth;GET;
::ffff:127.0.0.1;anonymous;/account;POST;
::ffff:127.0.0.1;anonymous;/account;POST;
::ffff:127.0.0.1;anonymous;/account;POST;
::ffff:127.0.0.1;anonymous;/account;POST;
::ffff:127.0.0.1;anonymous;/account;POST;
::ffff:127.0.0.1;anonymous;/;GET;
::ffff:127.0.0.1;anonymous;/api/account/google_auth;GET;
::ffff:127.0.0.1;anonymous;/account;POST;
::ffff:127.0.0.1;anonymous;/;GET;
::ffff:127.0.0.1;anonymous;/api/account/google_auth;GET;
::ffff:127.0.0.1;anonymous;/account/login;POST;
::ffff:127.0.0.1;anonymous;/account;POST;
::ffff:127.0.0.1;anonymous;/account;POST;
::1;anonymous;/;GET;
::ffff:127.0.0.1;anonymous;/api/account/google_auth;GET;
::1;anonymous;/account;POST;
::1;anonymous;/api/account/google_auth;GET;
::1;anonymous;/account;POST;
::1;anonymous;/api/account/google_auth;GET;
::1;anonymous;/account;POST;
::1;anonymous;/;GET;
::ffff:127.0.0.1;anonymous;/;GET;
::ffff:127.0.0.1;anonymous;/api/account/google_auth;GET;
::ffff:127.0.0.1;anonymous;/account/login;POST;
::ffff:127.0.0.1;root;/;GET;
::ffff:127.0.0.1;root;/;GET;
::ffff:127.0.0.1;root;/;GET;
::ffff:127.0.0.1;anonymous;/;GET;
::ffff:127.0.0.1;anonymous;/api/account/google_auth;GET;
::ffff:127.0.0.1;anonymous;/blog/new;GET;
::ffff:127.0.0.1;anonymous;/api/client/geoip;GET;
::ffff:127.0.0.1;anonymous;/;GET;
::ffff:127.0.0.1;anonymous;/;GET;
::ffff:127.0.0.1;anonymous;/;GET;
::ffff:127.0.0.1;anonymous;/;GET;
::ffff:127.0.0.1;anonymous;/;GET;
::ffff:127.0.0.1;anonymous;/;GET;
::ffff:127.0.0.1;anonymous;/;GET;
::ffff:127.0.0.1;anonymous;/;GET;
::ffff:127.0.0.1;anonymous;/;GET;
::ffff:127.0.0.1;anonymous;/;GET;
::ffff:127.0.0.1;anonymous;/;GET;
::ffff:127.0.0.1;anonymous;/;GET;
::ffff:127.0.0.1;anonymous;/;GET;
::ffff:127.0.0.1;anonymous;/;GET;
::ffff:127.0.0.1;anonymous;/;GET;
::ffff:127.0.0.1;anonymous;/;GET;
::ffff:127.0.0.1;anonymous;/;GET;
::ffff:127.0.0.1;anonymous;/;GET;
::ffff:127.0.0.1;anonymous;/account/login;POST;
::ffff:127.0.0.1;root;/;GET;
::ffff:127.0.0.1;anonymous;/;GET;
::ffff:127.0.0.1;anonymous;/account/login;POST;
::ffff:127.0.0.1;root;/;GET;
::ffff:127.0.0.1;root;/;GET;
::1;root;/;GET;
::1;anonymous;/;GET;
::1;anonymous;/;GET;
::ffff:127.0.0.1;anonymous;/;GET;
::ffff:127.0.0.1;anonymous;/;GET;
::ffff:127.0.0.1;anonymous;/;GET;
::ffff:127.0.0.1;anonymous;/;GET;
::ffff:127.0.0.1;anonymous;/;GET;
::ffff:127.0.0.1;anonymous;/;GET;
::ffff:127.0.0.1;anonymous;/;GET;
